title,publication_date,file_path,duration,file_size,,New Title,
"VERY LAST WEEK Recap, with Category Specialists",2024-04-12 18:38:25+00:00,Fantasy NBA Today/VERY LAST WEEK Recap with Category Specialists.mp3,0:34:44,31.9,,VERY LAST WEEK Recap with Category Specialists,
Roll Them Bones & Tank Grizzlies are Fun,2024-04-11 16:37:13+00:00,Fantasy NBA Today/Roll Them Bones  Tank Grizzlies are Fun.mp3,0:38:00,34.89,,Roll Them Bones  Tank Grizzlies are Fun,
Is Giannis Alright? HUGE Fantasy News in the Final Few Days,2024-04-10 20:47:59+00:00,Fantasy NBA Today/Is Giannis Alright HUGE Fantasy News in the Final Few Days.mp3,0:27:08,24.93,,Is Giannis Alright HUGE Fantasy News in the Final Few Days,
Sweet Across-the-Board Player Adds for Tuesday,2024-04-09 18:25:22+00:00,Fantasy NBA Today/Sweet Across-the-Board Player Adds for Tuesday.mp3,0:45:05,41.37,,Sweet Across-the-Board Player Adds for Tuesday,
Final Week Schedule Preview and a Doozy,2024-04-08 20:13:16+00:00,Fantasy NBA Today/Final Week Schedule Preview and a Doozy.mp3,0:20:21,18.71,,Final Week Schedule Preview and a Doozy,
Must Adds for the FINAL WEEK!,2024-04-08 17:26:31+00:00,Fantasy NBA Today/Must Adds for the FINAL WEEK.mp3,0:39:35,36.34,,Must Adds for the FINAL WEEK,
Grab the Championship with these April 5-7 Weekend Adds and Moves,2024-04-05 22:11:53+00:00,Fantasy NBA Today/Grab the Championship with these April 5-7 Weekend Adds and Moves.mp3,0:18:24,16.93,,Grab the Championship with these April 5-7 Weekend Adds and Moves,
Week 24 Recap | League-Winning Must Adds and Drops,2024-04-05 17:44:55+00:00,Fantasy NBA Today/Week 24 Recap  League-Winning Must Adds and Drops.mp3,0:43:04,39.53,,Week 24 Recap  League-Winning Must Adds and Drops,
"Playoff Head-to-Head Guide for Thursday, April 4",2024-04-04 20:50:36+00:00,Fantasy NBA Today/Playoff Head-to-Head Guide for Thursday April 4.mp3,0:22:00,20.22,,Playoff Head-to-Head Guide for Thursday April 4,
Malachi Flynn Drops 50!!!,2024-04-04 16:34:15+00:00,Fantasy NBA Today/Malachi Flynn Drops 50.mp3,0:35:55,32.98,,Malachi Flynn Drops 50,
Best Paths to Maximize Games for Wednesday,2024-04-03 20:58:46+00:00,Fantasy NBA Today/Best Paths to Maximize Games for Wednesday.mp3,0:17:43,16.3,,Best Paths to Maximize Games for Wednesday,
"Joel Embiid Returns! Wonderful Times, Indeed!",2024-04-03 17:31:04+00:00,Fantasy NBA Today/Joel Embiid Returns Wonderful Times Indeed.mp3,0:38:35,35.42,,Joel Embiid Returns Wonderful Times Indeed,
"Players on Back-to-Backs to Stream for Tuesday, April 2",2024-04-02 21:23:32+00:00,Fantasy NBA Today/Players on Back-to-Backs to Stream for Tuesday April 2.mp3,0:14:40,13.5,,Players on Back-to-Backs to Stream for Tuesday April 2,
"Wiseman, Jalen Smith, Brandon Clarke, OH MY - Bigs are HOT right now",2024-04-02 16:13:45+00:00,Fantasy NBA Today/Wiseman Jalen Smith Brandon Clarke OH MY - Bigs are HOT right now.mp3,0:33:35,30.84,,Wiseman Jalen Smith Brandon Clarke OH MY - Bigs are HOT right now,
"Week 24 Fantasy Basketball Preview - Schedules, Sit/Start",2024-04-01 22:03:52+00:00,Fantasy NBA Today/Week 24 Fantasy Basketball Preview - Schedules SitStart.mp3,0:23:02,21.17,,Week 24 Fantasy Basketball Preview - Schedules SitStart,
Must Adds for Fantasy Basketball - Second-to-Last Week!,2024-04-01 18:11:55+00:00,Fantasy NBA Today/Must Adds for Fantasy Basketball - Second-to-Last Week.mp3,0:49:05,45.04,,Must Adds for Fantasy Basketball - Second-to-Last Week,
Easter Sunday Fantasy Basketball ADDS for Head-to-Head Leagues,2024-03-31 17:02:10+00:00,Fantasy NBA Today/Easter Sunday Fantasy Basketball ADDS for Head-to-Head Leagues.mp3,0:15:15,14.03,,Easter Sunday Fantasy Basketball ADDS for Head-to-Head Leagues,
Quick Hits! Saturday's Top Adds for Head-to-Head Daily Fantasy Basketball,2024-03-30 16:14:00+00:00,Fantasy NBA Today/Quick Hits Saturdays Top Adds for Head-to-Head Daily Fantasy Basketball.mp3,0:13:46,12.69,,Quick Hits Saturdays Top Adds for Head-to-Head Daily Fantasy Basketball,
"Head-to-Head Fantasy Basketball Playoff Strategy, March 29",2024-03-29 21:37:12+00:00,Fantasy NBA Today/Head-to-Head Fantasy Basketball Playoff Strategy March 29.mp3,0:18:35,17.1,,Head-to-Head Fantasy Basketball Playoff Strategy March 29,
"Week 23 Fantasy Basketball Recap | Adds, Drops, Holds and League Winners",2024-03-29 17:17:48+00:00,Fantasy NBA Today/Week 23 Fantasy Basketball Recap  Adds Drops Holds and League Winners.mp3,0:45:13,41.51,,Week 23 Fantasy Basketball Recap  Adds Drops Holds and League Winners,
"It's QUALITY Streaming Day; Players to Add to Max Out Games on Thursday, March 28",2024-03-28 19:45:45+00:00,Fantasy NBA Today/Its QUALITY Streaming Day Players to Add to Max Out Games on Thursday March 28.mp3,0:17:15,15.88,,Its QUALITY Streaming Day Players to Add to Max Out Games on Thursday March 28,
LaMelo Ball SHUT DOWN Officially! Who's the Fantasy Add?,2024-03-28 17:07:06+00:00,Fantasy NBA Today/LaMelo Ball SHUT DOWN Officially Whos the Fantasy Add.mp3,0:38:20,35.19,,LaMelo Ball SHUT DOWN Officially Whos the Fantasy Add,
"Time to Go Streaming! Maxing Out Games for Wednesday, March 27 in Head-to-Head Leagues",2024-03-27 21:11:43+00:00,Fantasy NBA Today/Time to Go Streaming Maxing Out Games for Wednesday March 27 in Head-to-Head Leagues.mp3,0:12:50,11.82,,Time to Go Streaming Maxing Out Games for Wednesday March 27 in Head-to-Head Leagues,
"Silly Season with Doctor A (Steve Alexander of ESPN), 30-Deep Finals, Reaves Triple Double",2024-03-27 18:05:09+00:00,Fantasy NBA Today/Silly Season with Doctor A Steve Alexander of ESPN 30-Deep Finals Reaves Triple Double.mp3,0:50:00,45.88,,Silly Season with Doctor A Steve Alexander of ESPN 30-Deep Finals Reaves Triple Double,
"Moves to Make to Win Your Playoff Head-to-Head Battle, March 26",2024-03-26 21:12:29+00:00,Fantasy NBA Today/Moves to Make to Win Your Playoff Head-to-Head Battle March 26.mp3,0:32:00,29.39,,Moves to Make to Win Your Playoff Head-to-Head Battle March 26,
Lakers Rotations with Ryan Ward & Daniel Gafford Appreciation Hour,2024-03-26 17:55:02+00:00,Fantasy NBA Today/Lakers Rotations with Ryan Ward  Daniel Gafford Appreciation Hour.mp3,1:04:18,58.99,,Lakers Rotations with Ryan Ward  Daniel Gafford Appreciation Hour,
Week 23 MAX GAMES Preview; Streaming Guide for Fantasy Basketball Playoffs,2024-03-25 19:52:48+00:00,Fantasy NBA Today/Week 23 MAX GAMES Preview Streaming Guide for Fantasy Basketball Playoffs.mp3,0:20:35,18.93,,Week 23 MAX GAMES Preview Streaming Guide for Fantasy Basketball Playoffs,
Must Adds for Week 23,2024-03-25 17:19:17+00:00,Fantasy NBA Today/Must Adds for Week 23.mp3,0:46:49,42.97,,Must Adds for Week 23,
Do it again! Best Adds for the Head-to-Head Playoffs March 22-24 Weekend,2024-03-22 22:31:07+00:00,Fantasy NBA Today/Do it again Best Adds for the Head-to-Head Playoffs March 22-24 Weekend.mp3,0:23:05,21.21,,Do it again Best Adds for the Head-to-Head Playoffs March 22-24 Weekend,
"Week 22 Recap | BIG Injuries, Adds and Drops",2024-03-22 17:09:34+00:00,Fantasy NBA Today/Week 22 Recap  BIG Injuries Adds and Drops.mp3,0:40:52,37.52,,Week 22 Recap  BIG Injuries Adds and Drops,
Streamer Show for March 31: Let's Max Out Those Games,2024-03-21 21:02:59+00:00,Fantasy NBA Today/Streamer Show for March 31 Lets Max Out Those Games.mp3,0:27:50,25.57,,Streamer Show for March 31 Lets Max Out Those Games,
"Keon Ellis, Defensive MASTERMIND (and Fantasy Basketball Add!)",2024-03-21 16:50:11+00:00,Fantasy NBA Today/Keon Ellis Defensive MASTERMIND and Fantasy Basketball Add.mp3,0:46:19,42.51,,Keon Ellis Defensive MASTERMIND and Fantasy Basketball Add,
"Stream and MAX OUT Games for Wednesday, March 20",2024-03-20 21:52:32+00:00,Fantasy NBA Today/Stream and MAX OUT Games for Wednesday March 20.mp3,0:19:44,18.15,,Stream and MAX OUT Games for Wednesday March 20,
Jaden McDaniels & Amen Thompson are STUDS and Must Adds,2024-03-20 17:30:36+00:00,Fantasy NBA Today/Jaden McDaniels  Amen Thompson are STUDS and Must Adds.mp3,0:38:30,35.34,,Jaden McDaniels  Amen Thompson are STUDS and Must Adds,
"Streaming ADDS for Tuesday, March 19 to Win Your Fantasy Playoffs",2024-03-19 19:16:25+00:00,Fantasy NBA Today/Streaming ADDS for Tuesday March 19 to Win Your Fantasy Playoffs.mp3,0:21:55,20.15,,Streaming ADDS for Tuesday March 19 to Win Your Fantasy Playoffs,
Josh Hart Plays All 48 Minutes,2024-03-19 16:51:36+00:00,Fantasy NBA Today/Josh Hart Plays All 48 Minutes.mp3,0:47:00,43.13,,Josh Hart Plays All 48 Minutes,
"Week 22 WINNING Guide to Fantasy Basketball - Streaming, Injuries, Start/Sit",2024-03-18 18:28:14+00:00,Fantasy NBA Today/Week 22 WINNING Guide to Fantasy Basketball - Streaming Injuries StartSit.mp3,0:30:20,27.87,,Week 22 WINNING Guide to Fantasy Basketball - Streaming Injuries StartSit,
Must Adds for Fantasy Basketball Week 22,2024-03-18 17:45:47+00:00,Fantasy NBA Today/Must Adds for Fantasy Basketball Week 22.mp3,0:45:31,41.77,,Must Adds for Fantasy Basketball Week 22,
Adds List for STREAMING Sunday March 17 and Beyond,2024-03-17 18:11:25+00:00,Fantasy NBA Today/Adds List for STREAMING Sunday March 17 and Beyond.mp3,0:13:04,12.04,,Adds List for STREAMING Sunday March 17 and Beyond,
"Maxing Out Games Played for Saturday, March 16 and Beyond",2024-03-16 15:43:47+00:00,Fantasy NBA Today/Maxing Out Games Played for Saturday March 16 and Beyond.mp3,0:18:44,17.23,,Maxing Out Games Played for Saturday March 16 and Beyond,
"Week 21 Fantasy Basketball Recap | Adds, Stashes & Silly Season League Winners",2024-03-15 21:32:13+00:00,Fantasy NBA Today/Week 21 Fantasy Basketball Recap  Adds Stashes  Silly Season League Winners.mp3,0:37:35,34.51,,Week 21 Fantasy Basketball Recap  Adds Stashes  Silly Season League Winners,
Stash & Add List for MAX GAMES to Win Your Playoffs for March 15,2024-03-15 16:12:43+00:00,Fantasy NBA Today/Stash  Add List for MAX GAMES to Win Your Playoffs for March 15.mp3,0:28:27,26.13,,Stash  Add List for MAX GAMES to Win Your Playoffs for March 15,
GO TIME! Schedule Analysis and Streaming for March 14,2024-03-14 21:51:06+00:00,Fantasy NBA Today/GO TIME Schedule Analysis and Streaming for March 14.mp3,0:17:18,15.92,,GO TIME Schedule Analysis and Streaming for March 14,
"Luka Hurt, Daniel Gafford UNLEASHED",2024-03-14 17:51:07+00:00,Fantasy NBA Today/Luka Hurt Daniel Gafford UNLEASHED.mp3,0:48:30,44.51,,Luka Hurt Daniel Gafford UNLEASHED,
"Win Those Playoffs! Schedule Guide for Wednesday, March 13",2024-03-13 21:18:51+00:00,Fantasy NBA Today/Win Those Playoffs Schedule Guide for Wednesday March 13.mp3,0:23:51,21.93,,Win Those Playoffs Schedule Guide for Wednesday March 13,
"How Hurt is Kawhi, and is Desmond Bane Back",2024-03-13 18:54:04+00:00,Fantasy NBA Today/How Hurt is Kawhi and is Desmond Bane Back.mp3,0:33:22,30.64,,How Hurt is Kawhi and is Desmond Bane Back,
"Win YOUR Head-to-Head Fantasy Basketball Playoffs | Schedules for Tuesday, March 12",2024-03-12 20:06:54+00:00,Fantasy NBA Today/Win YOUR Head-to-Head Fantasy Basketball Playoffs  Schedules for Tuesday March 12.mp3,0:21:53,20.12,,Win YOUR Head-to-Head Fantasy Basketball Playoffs  Schedules for Tuesday March 12,
LUKA DIDN'T SCORE 35 & Great Adds from Injuries,2024-03-12 16:51:05+00:00,Fantasy NBA Today/LUKA DIDNT SCORE 35  Great Adds from Injuries.mp3,0:41:06,37.73,,LUKA DIDNT SCORE 35  Great Adds from Injuries,
"Week 21 Preview | Playoff Winning Guide, Strategy",2024-03-11 20:31:07+00:00,Fantasy NBA Today/Week 21 Preview  Playoff Winning Guide Strategy.mp3,0:20:20,18.7,,Week 21 Preview  Playoff Winning Guide Strategy,
"Must Adds for Week 20 (or 21) & Sengun, Bey Injuries",2024-03-11 18:29:52+00:00,Fantasy NBA Today/Must Adds for Week 20 or 21  Sengun Bey Injuries.mp3,0:52:09,47.86,,Must Adds for Week 20 or 21  Sengun Bey Injuries,
How to Win Your Playoffs Guide for March 9,2024-03-09 21:17:50+00:00,Fantasy NBA Today/How to Win Your Playoffs Guide for March 9.mp3,0:16:31,15.2,,How to Win Your Playoffs Guide for March 9,
Playoffs Guide for March 8,2024-03-08 21:19:28+00:00,Fantasy NBA Today/Playoffs Guide for March 8.mp3,0:09:28,8.74,,Playoffs Guide for March 8,
"Week 20 Fantasy Basketball Recap | Adds, Stashes & Silly Season League Winners",2024-03-08 18:23:04+00:00,Fantasy NBA Today/Week 20 Fantasy Basketball Recap  Adds Stashes  Silly Season League Winners.mp3,0:45:35,41.84,,Week 20 Fantasy Basketball Recap  Adds Stashes  Silly Season League Winners,
"Head-to-Head Playoffs Fantasy Basketball Schedule Guide | Thursday, March 7, 2024",2024-03-07 22:36:39+00:00,Fantasy NBA Today/Head-to-Head Playoffs Fantasy Basketball Schedule Guide  Thursday March 7 2024.mp3,0:15:55,14.65,,Head-to-Head Playoffs Fantasy Basketball Schedule Guide  Thursday March 7 2024,
BREAKING NEWS SHOW: Towns Has Torn Meniscus,2024-03-07 18:49:31+00:00,Fantasy NBA Today/BREAKING NEWS SHOW Towns Has Torn Meniscus.mp3,0:49:20,45.28,,BREAKING NEWS SHOW Towns Has Torn Meniscus,
"Head-to-Head Playoffs Guide for March 6, 2024",2024-03-06 22:18:26+00:00,Fantasy NBA Today/Head-to-Head Playoffs Guide for March 6 2024.mp3,0:16:45,15.42,,Head-to-Head Playoffs Guide for March 6 2024,
"KELLY OLYNYK, LEAGUE WINNER? Fantasy Basketball Wednesday",2024-03-06 18:30:07+00:00,Fantasy NBA Today/KELLY OLYNYK LEAGUE WINNER Fantasy Basketball Wednesday.mp3,0:45:00,41.3,,KELLY OLYNYK LEAGUE WINNER Fantasy Basketball Wednesday,
"Head-to-Head Playoff Schedule Guide for Tuesday, March 5",2024-03-05 22:26:52+00:00,Fantasy NBA Today/Head-to-Head Playoff Schedule Guide for Tuesday March 5.mp3,0:15:04,13.87,,Head-to-Head Playoff Schedule Guide for Tuesday March 5,
"Rest of Season ADDS for Fantasy Basketball, Monday Recap",2024-03-05 19:04:48+00:00,Fantasy NBA Today/Rest of Season ADDS for Fantasy Basketball Monday Recap.mp3,0:38:15,35.12,,Rest of Season ADDS for Fantasy Basketball Monday Recap,
"Week 20 Preview Fantasy Basketball | Playoff Streaming Guide, Strategy",2024-03-04 22:43:52+00:00,Fantasy NBA Today/Week 20 Preview Fantasy Basketball  Playoff Streaming Guide Strategy.mp3,0:18:22,16.9,,Week 20 Preview Fantasy Basketball  Playoff Streaming Guide Strategy,
Must Adds for Week 20 Fantasy Basketball,2024-03-04 19:06:30+00:00,Fantasy NBA Today/Must Adds for Week 20 Fantasy Basketball.mp3,0:46:05,42.29,,Must Adds for Week 20 Fantasy Basketball,
"Head-to-Head Playoff Daily Schedule Guide, March 1",2024-03-01 22:08:56+00:00,Fantasy NBA Today/Head-to-Head Playoff Daily Schedule Guide March 1.mp3,0:15:55,14.65,,Head-to-Head Playoff Daily Schedule Guide March 1,
"Week 19 Fantasy Basketball Recap | Adds, Drops & Silly Season Stashes",2024-03-01 18:52:22+00:00,Fantasy NBA Today/Week 19 Fantasy Basketball Recap  Adds Drops  Silly Season Stashes.mp3,0:33:24,30.67,,Week 19 Fantasy Basketball Recap  Adds Drops  Silly Season Stashes,
LeBron is a Cyborg & Grizzlies Have a Rotation Now?,2024-02-29 17:36:20+00:00,Fantasy NBA Today/LeBron is a Cyborg  Grizzlies Have a Rotation Now.mp3,0:36:08,33.19,,LeBron is a Cyborg  Grizzlies Have a Rotation Now,
Max Strus GAME WINNER & Chris Paul's Back!,2024-02-28 18:15:56+00:00,Fantasy NBA Today/Max Strus GAME WINNER  Chris Pauls Back.mp3,0:45:44,41.97,,Max Strus GAME WINNER  Chris Pauls Back,
Let's Go Add Kelly Olynyk!,2024-02-27 17:28:22+00:00,Fantasy NBA Today/Lets Go Add Kelly Olynyk.mp3,0:34:00,31.22,,Lets Go Add Kelly Olynyk,
"Week 19 Fantasy Basketball Preview: Streamers, Schedule, Playoffs, More!",2024-02-26 21:20:24+00:00,Fantasy NBA Today/Week 19 Fantasy Basketball Preview Streamers Schedule Playoffs More.mp3,0:31:03,28.52,,Week 19 Fantasy Basketball Preview Streamers Schedule Playoffs More,
Fantasy Basketball ADDS for Week 19 & ALL 30-Team Weekend Review,2024-02-26 18:19:50+00:00,Fantasy NBA Today/Fantasy Basketball ADDS for Week 19  ALL 30-Team Weekend Review.mp3,0:49:46,45.68,,Fantasy Basketball ADDS for Week 19  ALL 30-Team Weekend Review,
"Time to ADD Taylor Hendricks? | Bane, Smart Injury Updates",2024-02-23 17:58:51+00:00,Fantasy NBA Today/Time to ADD Taylor Hendricks  Bane Smart Injury Updates.mp3,0:49:05,45.04,,Time to ADD Taylor Hendricks  Bane Smart Injury Updates,
Playoff Preview & Strategy and Week 18 Streamers to ADD,2024-02-22 20:00:47+00:00,Fantasy NBA Today/Playoff Preview  Strategy and Week 18 Streamers to ADD.mp3,0:34:00,31.22,,Playoff Preview  Strategy and Week 18 Streamers to ADD,
Second Half STASH Players for Fantasy Basketball,2024-02-21 19:47:57+00:00,Fantasy NBA Today/Second Half STASH Players for Fantasy Basketball.mp3,0:36:35,33.59,,Second Half STASH Players for Fantasy Basketball,
Shutdown Risks to AVOID & Other Sell High Fantasy Basketball Players,2024-02-20 21:42:55+00:00,Fantasy NBA Today/Shutdown Risks to AVOID  Other Sell High Fantasy Basketball Players.mp3,0:35:31,32.61,,Shutdown Risks to AVOID  Other Sell High Fantasy Basketball Players,
NBA All-Star Weekend is Broken | Can it be fixed?,2024-02-19 22:25:09+00:00,Fantasy NBA Today/NBA All-Star Weekend is Broken  Can it be fixed.mp3,0:35:49,32.88,,NBA All-Star Weekend is Broken  Can it be fixed,
All Star Break Time | Week 17 Fantasy Basketball Recap | Post-Break Stashes!,2024-02-16 22:41:26+00:00,Fantasy NBA Today/All Star Break Time  Week 17 Fantasy Basketball Recap  Post-Break Stashes.mp3,0:47:28,43.56,,All Star Break Time  Week 17 Fantasy Basketball Recap  Post-Break Stashes,
"Buy or Sell: Buddy Hield, Tre Mann | Fantasy Basketball Thursday | Rui & Advija Big Games",2024-02-15 20:03:32+00:00,Fantasy NBA Today/Buy or Sell Buddy Hield Tre Mann  Fantasy Basketball Thursday  Rui  Advija Big Games.mp3,0:43:04,39.53,,Buy or Sell Buddy Hield Tre Mann  Fantasy Basketball Thursday  Rui  Advija Big Games,
"Add, Drop or Hold: Schroder, Fontecchio, Dinwiddie",2024-02-14 19:09:58+00:00,Fantasy NBA Today/Add Drop or Hold Schroder Fontecchio Dinwiddie.mp3,0:32:22,29.73,,Add Drop or Hold Schroder Fontecchio Dinwiddie,
"Should We Add Tre Mann, Grant Williams or Kelly Olynyk",2024-02-13 18:28:21+00:00,Fantasy NBA Today/Should We Add Tre Mann Grant Williams or Kelly Olynyk.mp3,0:53:10,48.79,,Should We Add Tre Mann Grant Williams or Kelly Olynyk,
"Fantasy Basketball ADDS for Week 17 (and 18), Trade Deadline Analysis & All Star Break Strategy",2024-02-12 20:32:24+00:00,Fantasy NBA Today/Fantasy Basketball ADDS for Week 17 and 18 Trade Deadline Analysis  All Star Break Strategy.mp3,0:57:21,52.63,,Fantasy Basketball ADDS for Week 17 and 18 Trade Deadline Analysis  All Star Break Strategy,
Trade Deadline MUST ADDS & Impact Players for Fantasy Basketball,2024-02-11 17:51:06+00:00,Fantasy NBA Today/Trade Deadline MUST ADDS  Impact Players for Fantasy Basketball.mp3,0:25:39,23.58,,Trade Deadline MUST ADDS  Impact Players for Fantasy Basketball,
"Trade Deadline Fallout | Week 16 Fantasy Basketball Recap | Stashes, Adds, Drops",2024-02-09 20:29:43+00:00,Fantasy NBA Today/Trade Deadline Fallout  Week 16 Fantasy Basketball Recap  Stashes Adds Drops.mp3,1:00:11,55.22,,Trade Deadline Fallout  Week 16 Fantasy Basketball Recap  Stashes Adds Drops,
The 2024 NBA Trade Deadline Fantasy Wrap-Up,2024-02-08 20:38:52+00:00,Fantasy NBA Today/The 2024 NBA Trade Deadline Fantasy Wrap-Up.mp3,0:14:04,12.96,,The 2024 NBA Trade Deadline Fantasy Wrap-Up,
Simone Fontecchio & Xavier Tillman Traded: has the Trade Deadline Begun?,2024-02-07 19:55:53+00:00,Fantasy NBA Today/Simone Fontecchio  Xavier Tillman Traded has the Trade Deadline Begun.mp3,0:45:16,41.55,,Simone Fontecchio  Xavier Tillman Traded has the Trade Deadline Begun,
"Buy Low Players for Fantasy Basketball, Week 16",2024-02-06 22:31:14+00:00,Fantasy NBA Today/Buy Low Players for Fantasy Basketball Week 16.mp3,0:28:25,26.1,,Buy Low Players for Fantasy Basketball Week 16,
Joel Embiid Out at least 4 Weeks & 2 Days 'Til the Trade Deadline Update,2024-02-06 18:41:04+00:00,Fantasy NBA Today/Joel Embiid Out at least 4 Weeks  2 Days Til the Trade Deadline Update.mp3,0:56:28,51.81,,Joel Embiid Out at least 4 Weeks  2 Days Til the Trade Deadline Update,
"Fantasy Basketball ADDS for Week 16, Trade Deadline Stash Update & Weekend Review",2024-02-05 17:17:10+00:00,Fantasy NBA Today/Fantasy Basketball ADDS for Week 16 Trade Deadline Stash Update  Weekend Review.mp3,0:46:42,42.87,,Fantasy Basketball ADDS for Week 16 Trade Deadline Stash Update  Weekend Review,
Trade Deadline Must Stash Players for Fantasy Basketball - The Comprehensive List,2024-02-03 21:57:19+00:00,Fantasy NBA Today/Trade Deadline Must Stash Players for Fantasy Basketball - The Comprehensive List.mp3,0:58:17,53.48,,Trade Deadline Must Stash Players for Fantasy Basketball - The Comprehensive List,
"Trade Deadline, 6 Days Away | Week 15 Fantasy Basketball Recap",2024-02-02 19:01:21+00:00,Fantasy NBA Today/Trade Deadline 6 Days Away  Week 15 Fantasy Basketball Recap.mp3,0:45:45,41.99,,Trade Deadline 6 Days Away  Week 15 Fantasy Basketball Recap,
"Ayo Dosunmu and Other Adds, Drops and Streams",2024-02-01 18:14:52+00:00,Fantasy NBA Today/Ayo Dosunmu and Other Adds Drops and Streams.mp3,0:49:50,45.73,,Ayo Dosunmu and Other Adds Drops and Streams,
Time to ADD Paul Reed & Maybe Andrew Wiggins Too,2024-01-31 18:19:54+00:00,Fantasy NBA Today/Time to ADD Paul Reed  Maybe Andrew Wiggins Too.mp3,0:49:19,45.26,,Time to ADD Paul Reed  Maybe Andrew Wiggins Too,
The WORST Picks of the Fantasy Basketball Season (so far),2024-01-31 00:48:07+00:00,Fantasy NBA Today/The WORST Picks of the Fantasy Basketball Season so far.mp3,0:20:52,19.18,,The WORST Picks of the Fantasy Basketball Season so far,
Ben Simmons Returns... But for How Long & Luka Needs Help,2024-01-30 18:10:39+00:00,Fantasy NBA Today/Ben Simmons Returns But for How Long  Luka Needs Help.mp3,0:51:10,46.96,,Ben Simmons Returns But for How Long  Luka Needs Help,
"Buy Low Fantasy Basketball Players, Week 15",2024-01-29 22:54:33+00:00,Fantasy NBA Today/Buy Low Fantasy Basketball Players Week 15.mp3,0:21:21,19.63,,Buy Low Fantasy Basketball Players Week 15,
Fantasy Basketball ADDS for Week 15 & Trade Deadline Stash Update | Weekend Review,2024-01-29 19:08:09+00:00,Fantasy NBA Today/Fantasy Basketball ADDS for Week 15  Trade Deadline Stash Update  Weekend Review.mp3,1:06:46,61.25,,Fantasy Basketball ADDS for Week 15  Trade Deadline Stash Update  Weekend Review,
Trade Deadline Countdown | Week 14 Fantasy Basketball Recap,2024-01-26 18:48:34+00:00,Fantasy NBA Today/Trade Deadline Countdown  Week 14 Fantasy Basketball Recap.mp3,0:41:30,38.09,,Trade Deadline Countdown  Week 14 Fantasy Basketball Recap,
WES UNSELD OUT: Instant Fantasy Basketball Reaction | Wizards Trade Deadline,2024-01-25 17:50:48+00:00,Fantasy NBA Today/WES UNSELD OUT Instant Fantasy Basketball Reaction  Wizards Trade Deadline.mp3,0:44:27,40.81,,WES UNSELD OUT Instant Fantasy Basketball Reaction  Wizards Trade Deadline,
Fantasy Basketball PLAYERS TO STASH for the Trade Deadline | Part 2,2024-01-24 22:22:39+00:00,Fantasy NBA Today/Fantasy Basketball PLAYERS TO STASH for the Trade Deadline  Part 2.mp3,0:27:03,24.86,,Fantasy Basketball PLAYERS TO STASH for the Trade Deadline  Part 2,
Doc Rivers is Back | Bucks Make a Change,2024-01-24 18:13:55+00:00,Fantasy NBA Today/Doc Rivers is Back  Bucks Make a Change.mp3,0:39:00,35.8,,Doc Rivers is Back  Bucks Make a Change,
TERRY ROZIER TRADED: Instant Fantasy Basketball Reaction | Trade Deadline Heating Up,2024-01-23 17:59:40+00:00,Fantasy NBA Today/TERRY ROZIER TRADED Instant Fantasy Basketball Reaction  Trade Deadline Heating Up.mp3,0:58:00,53.21,,TERRY ROZIER TRADED Instant Fantasy Basketball Reaction  Trade Deadline Heating Up,
Fantasy Basketball ADDS for Week 14 & Trade Deadline Lookahead | Weekend Review,2024-01-22 18:15:16+00:00,Fantasy NBA Today/Fantasy Basketball ADDS for Week 14  Trade Deadline Lookahead  Weekend Review.mp3,0:58:35,53.75,,Fantasy Basketball ADDS for Week 14  Trade Deadline Lookahead  Weekend Review,
Fantasy Basketball PLAYERS TO STASH for the Trade Deadline,2024-01-20 23:52:16+00:00,Fantasy NBA Today/Fantasy Basketball PLAYERS TO STASH for the Trade Deadline.mp3,0:20:40,19,,Fantasy Basketball PLAYERS TO STASH for the Trade Deadline,
Trade Seal Broken! | Week 13 Fantasy Basketball Recap,2024-01-19 18:29:03+00:00,Fantasy NBA Today/Trade Seal Broken  Week 13 Fantasy Basketball Recap.mp3,0:50:35,46.42,,Trade Seal Broken  Week 13 Fantasy Basketball Recap,
"Buy Low Fantasy Basketball Players, Week 13",2024-01-18 22:25:08+00:00,Fantasy NBA Today/Buy Low Fantasy Basketball Players Week 13.mp3,0:27:27,25.23,,Buy Low Fantasy Basketball Players Week 13,
Jaden Ivey Unleashed: Fantasy Basketball Recap | Adds or Drops,2024-01-18 18:24:42+00:00,Fantasy NBA Today/Jaden Ivey Unleashed Fantasy Basketball Recap  Adds or Drops.mp3,0:52:04,47.78,,Jaden Ivey Unleashed Fantasy Basketball Recap  Adds or Drops,
Siakam Traded! Plus Legends of the Game Day with Doctor A & Aaron Bruski,2024-01-17 20:00:57+00:00,Fantasy NBA Today/Siakam Traded Plus Legends of the Game Day with Doctor A  Aaron Bruski.mp3,0:59:30,54.59,,Siakam Traded Plus Legends of the Game Day with Doctor A  Aaron Bruski,
"Kyrie, Hardaway Drop 40 Together! | MLK Day Fantasy Basketball Adds",2024-01-16 18:59:12+00:00,Fantasy NBA Today/Kyrie Hardaway Drop 40 Together  MLK Day Fantasy Basketball Adds.mp3,0:53:25,49.02,,Kyrie Hardaway Drop 40 Together  MLK Day Fantasy Basketball Adds,
RATE MY TRADE SHOW | Fantasy Basketball Live Mailbag,2024-01-15 22:44:27+00:00,Fantasy NBA Today/RATE MY TRADE SHOW  Fantasy Basketball Live Mailbag.mp3,0:42:43,39.22,,RATE MY TRADE SHOW  Fantasy Basketball Live Mailbag,
Fantasy Basketball ADDS for Week 13 & Streaming Schedule,2024-01-15 02:44:04+00:00,Fantasy NBA Today/Fantasy Basketball ADDS for Week 13  Streaming Schedule.mp3,0:51:05,46.87,,Fantasy Basketball ADDS for Week 13  Streaming Schedule,
"Donte For Real! | Week 12 Recap | Adds, Drops, Buys, Sells",2024-01-12 18:50:56+00:00,Fantasy NBA Today/Donte For Real  Week 12 Recap  Adds Drops Buys Sells.mp3,0:42:55,39.39,,Donte For Real  Week 12 Recap  Adds Drops Buys Sells,
Is Jalen Johnson the Pick of the Year?,2024-01-11 17:57:34+00:00,Fantasy NBA Today/Is Jalen Johnson the Pick of the Year.mp3,0:41:44,38.31,,Is Jalen Johnson the Pick of the Year,
"Buy Low Fantasy Basketball Players, Week 12",2024-01-10 23:03:32+00:00,Fantasy NBA Today/Buy Low Fantasy Basketball Players Week 12.mp3,0:24:45,22.74,,Buy Low Fantasy Basketball Players Week 12,
"Anthony Davis, Domantas Sabonis BIG MAN SMASH",2024-01-10 18:03:31+00:00,Fantasy NBA Today/Anthony Davis Domantas Sabonis BIG MAN SMASH.mp3,0:45:05,41.38,,Anthony Davis Domantas Sabonis BIG MAN SMASH,
"Ja Morant Out for the Season! | Haliburton, Cade Get Decent News",2024-01-09 20:05:56+00:00,Fantasy NBA Today/Ja Morant Out for the Season  Haliburton Cade Get Decent News.mp3,0:48:49,44.8,,Ja Morant Out for the Season  Haliburton Cade Get Decent News,
Tre Jones Starts! Week 11 Recap | Best Adds and Key Injuries,2024-01-08 22:48:31+00:00,Fantasy NBA Today/Tre Jones Starts Week 11 Recap  Best Adds and Key Injuries.mp3,0:29:00,26.64,,Tre Jones Starts Week 11 Recap  Best Adds and Key Injuries,
"Buy Low Players for Fantasy Basketball, Week 11",2024-01-05 22:12:33+00:00,Fantasy NBA Today/Buy Low Players for Fantasy Basketball Week 11.mp3,0:32:01,29.33,,Buy Low Players for Fantasy Basketball Week 11,
Darvin Ham in Trouble? | Key DROPS for Thursday,2024-01-04 19:58:40+00:00,Fantasy NBA Today/Darvin Ham in Trouble  Key DROPS for Thursday.mp3,1:05:13,59.78,,Darvin Ham in Trouble  Key DROPS for Thursday,
Steph's Buy Low Window... CLOSED!,2024-01-03 19:57:58+00:00,Fantasy NBA Today/Stephs Buy Low Window CLOSED.mp3,0:32:43,30.02,,Stephs Buy Low Window CLOSED,
"Must Adds, Drops, Streams for Fantasy Basketball Week 11 | OG Anunoby, Immanuel Quickley Trade",2024-01-02 23:54:49+00:00,Fantasy NBA Today/Must Adds Drops Streams for Fantasy Basketball Week 11  OG Anunoby Immanuel Quickley Trade.mp3,0:50:14,46.05,,Must Adds Drops Streams for Fantasy Basketball Week 11  OG Anunoby Immanuel Quickley Trade,
Biggest Adds/Drops of Week 10 | Early Week 11 Schedule Analysis!,2023-12-29 06:11:15+00:00,Fantasy NBA Today/Biggest AddsDrops of Week 10  Early Week 11 Schedule Analysis.mp3,0:46:14,42.39,,Biggest AddsDrops of Week 10  Early Week 11 Schedule Analysis,
Jarrett Allen Wants to be Andre Drummond | Fantasy Basketball Recap on Thursday Morning,2023-12-28 17:24:19+00:00,Fantasy NBA Today/Jarrett Allen Wants to be Andre Drummond  Fantasy Basketball Recap on Thursday Morning.mp3,0:42:44,39.19,,Jarrett Allen Wants to be Andre Drummond  Fantasy Basketball Recap on Thursday Morning,
Andre Drummond Did WHAT?!? | Fantasy Basketball Recap on Wednesday Morning,2023-12-27 19:12:13+00:00,Fantasy NBA Today/Andre Drummond Did WHAT  Fantasy Basketball Recap on Wednesday Morning.mp3,0:49:29,45.37,,Andre Drummond Did WHAT  Fantasy Basketball Recap on Wednesday Morning,
Buy Low Fantasy Basketball Players for Week 10,2023-12-26 23:50:54+00:00,Fantasy NBA Today/Buy Low Fantasy Basketball Players for Week 10.mp3,0:25:26,23.35,,Buy Low Fantasy Basketball Players for Week 10,
Luka Drops 50 | Christmas Fantasy Basketball Recap | Podziemski and Other Key Moves,2023-12-26 17:21:03+00:00,Fantasy NBA Today/Luka Drops 50  Christmas Fantasy Basketball Recap  Podziemski and Other Key Moves.mp3,0:45:00,41.26,,Luka Drops 50  Christmas Fantasy Basketball Recap  Podziemski and Other Key Moves,
Christmas MUST ADDS for Fantasy Basketball & Week 10 Preview Combo Show,2023-12-25 00:06:24+00:00,Fantasy NBA Today/Christmas MUST ADDS for Fantasy Basketball  Week 10 Preview Combo Show.mp3,0:57:44,52.92,,Christmas MUST ADDS for Fantasy Basketball  Week 10 Preview Combo Show,
"Week 9 Fantasy Basketball Recap | Adds, Drops, Buys, Sells | 30 TEAMS, 1 SHOW!",2023-12-22 19:44:36+00:00,Fantasy NBA Today/Week 9 Fantasy Basketball Recap  Adds Drops Buys Sells  30 TEAMS 1 SHOW.mp3,0:47:30,43.56,,Week 9 Fantasy Basketball Recap  Adds Drops Buys Sells  30 TEAMS 1 SHOW,
Is Embiid the Best Player in the NBA? Is Derrick White an All Star,2023-12-21 18:57:51+00:00,Fantasy NBA Today/Is Embiid the Best Player in the NBA Is Derrick White an All Star.mp3,0:44:53,41.16,,Is Embiid the Best Player in the NBA Is Derrick White an All Star,
The Best Fantasy Basketball Picks of the Year (so far),2023-12-21 16:10:58+00:00,Fantasy NBA Today/The Best Fantasy Basketball Picks of the Year so far.mp3,0:30:19,27.82,,The Best Fantasy Basketball Picks of the Year so far,
Ja Morant Holy Crap! | Tuesday Recap | Trayce Jackson-Davis Thoughts,2023-12-20 19:27:57+00:00,Fantasy NBA Today/Ja Morant Holy Crap  Tuesday Recap  Trayce Jackson-Davis Thoughts.mp3,0:41:54,38.42,,Ja Morant Holy Crap  Tuesday Recap  Trayce Jackson-Davis Thoughts,
"Sell High Players for Fantasy Basketball, Week 9",2023-12-20 16:15:47+00:00,Fantasy NBA Today/Sell High Players for Fantasy Basketball Week 9.mp3,0:27:53,25.6,,Sell High Players for Fantasy Basketball Week 9,
James Harden's Back! | Monday Recap | Adds and Drops!,2023-12-19 19:07:07+00:00,Fantasy NBA Today/James Hardens Back  Monday Recap  Adds and Drops.mp3,0:48:44,44.68,,James Hardens Back  Monday Recap  Adds and Drops,
"Buy Low Players for Fantasy Basketball, Week 9",2023-12-19 16:11:49+00:00,Fantasy NBA Today/Buy Low Players for Fantasy Basketball Week 9.mp3,0:30:24,27.9,,Buy Low Players for Fantasy Basketball Week 9,
Week 9 Fantasy Basketball Preview | Win Your Head-to-Head Match-up | Injury News | Streaming,2023-12-18 22:29:32+00:00,Fantasy NBA Today/Week 9 Fantasy Basketball Preview  Win Your Head-to-Head Match-up  Injury News  Streaming.mp3,0:26:09,24,,Week 9 Fantasy Basketball Preview  Win Your Head-to-Head Match-up  Injury News  Streaming,
"Must Add Fantasy Basketball Players, Week 9 | ALL 30 Team Review",2023-12-18 18:33:05+00:00,Fantasy NBA Today/Must Add Fantasy Basketball Players Week 9  ALL 30 Team Review.mp3,0:56:09,51.47,,Must Add Fantasy Basketball Players Week 9  ALL 30 Team Review,
"Week 8 Fantasy Basketball Recap | Adds, Drops, Buys, Sells | ALL 30 TEAMS COVERED",2023-12-15 19:59:07+00:00,Fantasy NBA Today/Week 8 Fantasy Basketball Recap  Adds Drops Buys Sells  ALL 30 TEAMS COVERED.mp3,0:51:28,47.19,,Week 8 Fantasy Basketball Recap  Adds Drops Buys Sells  ALL 30 TEAMS COVERED,
60 for Giannis! | Wednesday Fantasy Basketball Recap | Tari Eason and other Adds!,2023-12-14 18:29:21+00:00,Fantasy NBA Today/60 for Giannis  Wednesday Fantasy Basketball Recap  Tari Eason and other Adds.mp3,0:50:29,46.29,,60 for Giannis  Wednesday Fantasy Basketball Recap  Tari Eason and other Adds,
"Sell High Players for Fantasy Basketball, Week 8",2023-12-13 23:00:30+00:00,Fantasy NBA Today/Sell High Players for Fantasy Basketball Week 8.mp3,0:34:54,32.02,,Sell High Players for Fantasy Basketball Week 8,
Dray Must Pay | Tuesday Fantasy Basketball Recap | Best Pickups,2023-12-13 17:38:41+00:00,Fantasy NBA Today/Dray Must Pay  Tuesday Fantasy Basketball Recap  Best Pickups.mp3,0:42:13,38.72,,Dray Must Pay  Tuesday Fantasy Basketball Recap  Best Pickups,
"Buy Low Players for Fantasy Basketball, Week 8",2023-12-13 00:13:57+00:00,Fantasy NBA Today/Buy Low Players for Fantasy Basketball Week 8.mp3,0:25:39,23.55,,Buy Low Players for Fantasy Basketball Week 8,
Mathurin Shines | Monday Fantasy Basketball Recap | Who to Add NOW,2023-12-12 19:01:00+00:00,Fantasy NBA Today/Mathurin Shines  Monday Fantasy Basketball Recap  Who to Add NOW.mp3,0:58:44,53.84,,Mathurin Shines  Monday Fantasy Basketball Recap  Who to Add NOW,
MUST ADD PLAYERS for Fantasy Basketball & Week 8 Schedules | 30-Team Weekend 7 Recap,2023-12-10 18:02:02+00:00,Fantasy NBA Today/MUST ADD PLAYERS for Fantasy Basketball  Week 8 Schedules  30-Team Weekend 7 Recap.mp3,0:45:13,41.47,,MUST ADD PLAYERS for Fantasy Basketball  Week 8 Schedules  30-Team Weekend 7 Recap,
Dynasty MUST ADDS & AVOIDS for December,2023-12-09 01:00:00+00:00,Fantasy NBA Today/Dynasty MUST ADDS  AVOIDS for December.mp3,0:32:44,30.04,,Dynasty MUST ADDS  AVOIDS for December,
"Week 7 Fantasy Basketball Recap | Adds, Drops, Buys, Sells | 26-Team Weekend Preview",2023-12-08 18:02:15+00:00,Fantasy NBA Today/Week 7 Fantasy Basketball Recap  Adds Drops Buys Sells  26-Team Weekend Preview.mp3,0:46:44,42.85,,Week 7 Fantasy Basketball Recap  Adds Drops Buys Sells  26-Team Weekend Preview,
"Simons, Oubre, Murray BACK!  | Wednesday Recap Show",2023-12-07 18:36:29+00:00,Fantasy NBA Today/Simons Oubre Murray BACK   Wednesday Recap Show.mp3,1:00:43,55.65,,Simons Oubre Murray BACK   Wednesday Recap Show,
"Randle's 41 Not Enough, Bucks, Lakers Advance | Fantasy Basketball Tuesday Recap Show",2023-12-06 19:09:13+00:00,Fantasy NBA Today/Randles 41 Not Enough Bucks Lakers Advance  Fantasy Basketball Tuesday Recap Show.mp3,0:43:14,39.64,,Randles 41 Not Enough Bucks Lakers Advance  Fantasy Basketball Tuesday Recap Show,
"Sell High Players for Fantasy Basketball, Week 7",2023-12-06 18:02:28+00:00,Fantasy NBA Today/Sell High Players for Fantasy Basketball Week 7.mp3,0:26:49,24.61,,Sell High Players for Fantasy Basketball Week 7,
Haliburton Triple Double! | Pacers and Pelicans Advance! | Monday Recap,2023-12-05 18:54:14+00:00,Fantasy NBA Today/Haliburton Triple Double  Pacers and Pelicans Advance  Monday Recap.mp3,0:38:09,34.99,,Haliburton Triple Double  Pacers and Pelicans Advance  Monday Recap,
"Buy Low Players for Fantasy Basketball, Week 7",2023-12-05 17:55:41+00:00,Fantasy NBA Today/Buy Low Players for Fantasy Basketball Week 7.mp3,0:28:04,25.76,,Buy Low Players for Fantasy Basketball Week 7,
"Week 7 Fantasy Basketball Strategy, Preview | Best, Worst Schedules & IST | Streaming Guide",2023-12-04 23:25:10+00:00,Fantasy NBA Today/Week 7 Fantasy Basketball Strategy Preview  Best Worst Schedules  IST  Streaming Guide.mp3,0:43:09,39.57,,Week 7 Fantasy Basketball Strategy Preview  Best Worst Schedules  IST  Streaming Guide,
MUST ADD PLAYERS for Fantasy Basketball Week 7 | 30-Team Weekend 6 Recap,2023-12-04 18:20:08+00:00,Fantasy NBA Today/MUST ADD PLAYERS for Fantasy Basketball Week 7  30-Team Weekend 6 Recap.mp3,1:00:21,55.32,,MUST ADD PLAYERS for Fantasy Basketball Week 7  30-Team Weekend 6 Recap,
"Week 6 Recap | Adds, Drops, Buys, Sells | 30-Team Weekend Preview",2023-12-01 18:23:04+00:00,Fantasy NBA Today/Week 6 Recap  Adds Drops Buys Sells  30-Team Weekend Preview.mp3,0:52:20,47.97,,Week 6 Recap  Adds Drops Buys Sells  30-Team Weekend Preview,
Kawhi Ain't Washed! | Fantasy Basketball Wednesday Recap,2023-11-30 18:41:19+00:00,Fantasy NBA Today/Kawhi Aint Washed  Fantasy Basketball Wednesday Recap.mp3,1:02:34,57.35,,Kawhi Aint Washed  Fantasy Basketball Wednesday Recap,
"Sell High Players, Week 6",2023-11-29 21:10:30+00:00,Fantasy NBA Today/Sell High Players Week 6.mp3,0:25:59,23.85,,Sell High Players Week 6,
NBA Cup Is Set! | Fantasy Basketball Tuesday Recap,2023-11-29 19:01:43+00:00,Fantasy NBA Today/NBA Cup Is Set  Fantasy Basketball Tuesday Recap.mp3,0:56:09,51.47,,NBA Cup Is Set  Fantasy Basketball Tuesday Recap,
"Buy Low Players for Fantasy Basketball, Week 6",2023-11-28 22:53:47+00:00,Fantasy NBA Today/Buy Low Players for Fantasy Basketball Week 6.mp3,0:25:33,23.46,,Buy Low Players for Fantasy Basketball Week 6,
Reggie Jackson REVENGE | Fantasy Basketball Monday Recap | November 28 Show,2023-11-28 18:07:10+00:00,Fantasy NBA Today/Reggie Jackson REVENGE  Fantasy Basketball Monday Recap  November 28 Show.mp3,0:53:28,49.01,,Reggie Jackson REVENGE  Fantasy Basketball Monday Recap  November 28 Show,
"Week 6 Fantasy Basketball Strategy | Best, Worst Schedules | Streaming Guide",2023-11-27 23:02:31+00:00,Fantasy NBA Today/Week 6 Fantasy Basketball Strategy  Best Worst Schedules  Streaming Guide.mp3,0:49:24,45.29,,Week 6 Fantasy Basketball Strategy  Best Worst Schedules  Streaming Guide,
Waiver Wire for Fantasy Basketball Week 6 | 30-Team Recap | Adds of the Day,2023-11-27 19:00:44+00:00,Fantasy NBA Today/Waiver Wire for Fantasy Basketball Week 6  30-Team Recap  Adds of the Day.mp3,1:16:59,70.54,,Waiver Wire for Fantasy Basketball Week 6  30-Team Recap  Adds of the Day,
"Week 5 Recap | Adds, Drops, Buys, Sells | 30-Team Weekend Preview",2023-11-24 18:32:44+00:00,Fantasy NBA Today/Week 5 Recap  Adds Drops Buys Sells  30-Team Weekend Preview.mp3,0:59:58,54.97,,Week 5 Recap  Adds Drops Buys Sells  30-Team Weekend Preview,
Buddy Hield is BACK | Fantasy Basketball Tuesday Recap | November 21 Show,2023-11-22 19:17:59+00:00,Fantasy NBA Today/Buddy Hield is BACK  Fantasy Basketball Tuesday Recap  November 21 Show.mp3,0:55:44,51.09,,Buddy Hield is BACK  Fantasy Basketball Tuesday Recap  November 21 Show,
"Sell High Players for Fantasy Basketball, Week 5",2023-11-22 16:10:49+00:00,Fantasy NBA Today/Sell High Players for Fantasy Basketball Week 5.mp3,0:26:49,24.61,,Sell High Players for Fantasy Basketball Week 5,
Giannis SMASH & Ivey Surfaces | Fantasy Basketball Monday Recap | Tuesday Preview,2023-11-21 20:00:00+00:00,Fantasy NBA Today/Giannis SMASH  Ivey Surfaces  Fantasy Basketball Monday Recap  Tuesday Preview.mp3,0:48:59,44.91,,Giannis SMASH  Ivey Surfaces  Fantasy Basketball Monday Recap  Tuesday Preview,
"Buy Low Players for Fantasy Basketball, Week 5",2023-11-21 19:07:57+00:00,Fantasy NBA Today/Buy Low Players for Fantasy Basketball Week 5.mp3,0:27:24,25.15,,Buy Low Players for Fantasy Basketball Week 5,
"Week 5 Fantasy Basketball Strategy | Best, Worst Schedules | Streaming Guide",2023-11-20 23:18:48+00:00,Fantasy NBA Today/Week 5 Fantasy Basketball Strategy  Best Worst Schedules  Streaming Guide.mp3,0:43:33,39.93,,Week 5 Fantasy Basketball Strategy  Best Worst Schedules  Streaming Guide,
Waiver Wire for Fantasy Basketball Week 5 | 30-Team Weekend 4 Recap | Adds of the Day,2023-11-20 20:09:03+00:00,Fantasy NBA Today/Waiver Wire for Fantasy Basketball Week 5  30-Team Weekend 4 Recap  Adds of the Day.mp3,0:57:02,52.28,,Waiver Wire for Fantasy Basketball Week 5  30-Team Weekend 4 Recap  Adds of the Day,
"Week 4 Recap | Adds, Drops, Buys, Sells | 30-Team Weekend Preview",2023-11-17 18:42:37+00:00,Fantasy NBA Today/Week 4 Recap  Adds Drops Buys Sells  30-Team Weekend Preview.mp3,1:04:51,59.44,,Week 4 Recap  Adds Drops Buys Sells  30-Team Weekend Preview,
"Sell High Players for Fantasy Basketball, Week 4 with Special Guest Josh Lloyd",2023-11-17 00:05:33+00:00,Fantasy NBA Today/Sell High Players for Fantasy Basketball Week 4 with Special Guest Josh Lloyd.mp3,0:28:32,26.19,,Sell High Players for Fantasy Basketball Week 4 with Special Guest Josh Lloyd,
Damian Lillard Drops 37 and 13 | Fantasy Basketball Wednesday Recap | Thursday Lookahead,2023-11-16 18:13:41+00:00,Fantasy NBA Today/Damian Lillard Drops 37 and 13  Fantasy Basketball Wednesday Recap  Thursday Lookahead.mp3,1:00:00,55,,Damian Lillard Drops 37 and 13  Fantasy Basketball Wednesday Recap  Thursday Lookahead,
Draymond Chokes Gobert! Fantasy Basketball Tuesday Recap | Wednesday Lookahead,2023-11-15 18:53:02+00:00,Fantasy NBA Today/Draymond Chokes Gobert Fantasy Basketball Tuesday Recap  Wednesday Lookahead.mp3,1:01:59,56.81,,Draymond Chokes Gobert Fantasy Basketball Tuesday Recap  Wednesday Lookahead,
"Buy Low Players for Fantasy Basketball, Week 4",2023-11-15 01:35:00+00:00,Fantasy NBA Today/Buy Low Players for Fantasy Basketball Week 4.mp3,0:29:44,27.29,,Buy Low Players for Fantasy Basketball Week 4,
Keegan Erupts! Monday Fantasy Basketball Recap & 10-Game Tuesday Preview,2023-11-14 18:23:29+00:00,Fantasy NBA Today/Keegan Erupts Monday Fantasy Basketball Recap  10-Game Tuesday Preview.mp3,0:57:44,52.92,,Keegan Erupts Monday Fantasy Basketball Recap  10-Game Tuesday Preview,
"Week 4 Fantasy Basketball Preview: Streaming, Weekly Choices, Injury Updates & Strategies",2023-11-13 23:13:13+00:00,Fantasy NBA Today/Week 4 Fantasy Basketball Preview Streaming Weekly Choices Injury Updates  Strategies.mp3,0:54:44,50.18,,Week 4 Fantasy Basketball Preview Streaming Weekly Choices Injury Updates  Strategies,
"30-Team Weekend 3 Fantasy Basketball Recap | Adds, Drops, Buys, Sells | Waiver Wire",2023-11-13 18:53:07+00:00,Fantasy NBA Today/30-Team Weekend 3 Fantasy Basketball Recap  Adds Drops Buys Sells  Waiver Wire.mp3,1:04:54,59.49,,30-Team Weekend 3 Fantasy Basketball Recap  Adds Drops Buys Sells  Waiver Wire,
"Scottie Barnes: BUY, SELL OR HOLD? ... Let's Make a Fantasy Trade!",2023-11-11 20:29:01+00:00,Fantasy NBA Today/Scottie Barnes BUY SELL OR HOLD  Lets Make a Fantasy Trade.mp3,0:31:14,28.66,,Scottie Barnes BUY SELL OR HOLD  Lets Make a Fantasy Trade,
"Week 3 Fantasy Basketball Recap - Adds, Drops, Buys, Sells",2023-11-10 19:21:33+00:00,Fantasy NBA Today/Week 3 Fantasy Basketball Recap - Adds Drops Buys Sells.mp3,1:02:13,57.02,,Week 3 Fantasy Basketball Recap - Adds Drops Buys Sells,
Is It Keyonte George & Tari Eason Stash Time? 14-Game Wednesday Recap,2023-11-09 18:17:17+00:00,Fantasy NBA Today/Is It Keyonte George  Tari Eason Stash Time 14-Game Wednesday Recap.mp3,1:11:13,65.27,,Is It Keyonte George  Tari Eason Stash Time 14-Game Wednesday Recap,
"Buy Low or Bust, Vol 1: KAT, Poole, Fultz & 14-Game Wednesday Lookahead",2023-11-08 18:53:32+00:00,Fantasy NBA Today/Buy Low or Bust Vol 1 KAT Poole Fultz  14-Game Wednesday Lookahead.mp3,1:16:38,70.23,,Buy Low or Bust Vol 1 KAT Poole Fultz  14-Game Wednesday Lookahead,
Is It Jordan Hawkins Time? | A Monster Monday Fantasy Basketball Recap,2023-11-07 20:30:00+00:00,Fantasy NBA Today/Is It Jordan Hawkins Time  A Monster Monday Fantasy Basketball Recap.mp3,0:59:09,54.22,,Is It Jordan Hawkins Time  A Monster Monday Fantasy Basketball Recap,
"Buy-Sell Week 3 - Wemby, Chet, Cade and More with Guest Raphielle Johnson",2023-11-07 18:10:47+00:00,Fantasy NBA Today/Buy-Sell Week 3 - Wemby Chet Cade and More with Guest Raphielle Johnson.mp3,0:37:09,34.07,,Buy-Sell Week 3 - Wemby Chet Cade and More with Guest Raphielle Johnson,
"Week 3 Preview - Daily and Weekly Streaming, Injury Updates & Strategies",2023-11-06 23:05:58+00:00,Fantasy NBA Today/Week 3 Preview - Daily and Weekly Streaming Injury Updates  Strategies.mp3,0:49:49,45.68,,Week 3 Preview - Daily and Weekly Streaming Injury Updates  Strategies,
"Weekend 2 Review, Waiver Wire Adds & Drops and Monday Preview",2023-11-06 18:40:14+00:00,Fantasy NBA Today/Weekend 2 Review Waiver Wire Adds  Drops and Monday Preview.mp3,1:06:47,61.2,,Weekend 2 Review Waiver Wire Adds  Drops and Monday Preview,
"Week 2 Fantasy Basketball Recap - Adds, Drops, Buys, Sells",2023-11-03 17:57:59+00:00,Fantasy NBA Today/Week 2 Fantasy Basketball Recap - Adds Drops Buys Sells.mp3,1:24:56,77.82,,Week 2 Fantasy Basketball Recap - Adds Drops Buys Sells,
Kawhi Plays in a Back-to-Back - Big Wednesday Fantasy Basketball Recap & TNT Thursday Preview,2023-11-02 18:58:38+00:00,Fantasy NBA Today/Kawhi Plays in a Back-to-Back - Big Wednesday Fantasy Basketball Recap  TNT Thursday Preview.mp3,0:53:49,49.33,,Kawhi Plays in a Back-to-Back - Big Wednesday Fantasy Basketball Recap  TNT Thursday Preview,
"Wembanyama, Spurs Stun Suns, Tuesday Fantasy Basketball Recap & Big Wednesday Lookahead",2023-11-01 17:29:36+00:00,Fantasy NBA Today/Wembanyama Spurs Stun Suns Tuesday Fantasy Basketball Recap  Big Wednesday Lookahead.mp3,0:56:13,51.54,,Wembanyama Spurs Stun Suns Tuesday Fantasy Basketball Recap  Big Wednesday Lookahead,
"Jaylen Brown, Walker Kessler Bust Out, Monday Fantasy Basketball Recap",2023-10-31 19:52:13+00:00,Fantasy NBA Today/Jaylen Brown Walker Kessler Bust Out Monday Fantasy Basketball Recap.mp3,0:55:14,50.63,,Jaylen Brown Walker Kessler Bust Out Monday Fantasy Basketball Recap,
"BREAKING (Instant Reaction), James Harden traded to LA Clippers - Fantasy Basketball Breakdown",2023-10-31 16:37:18+00:00,Fantasy NBA Today/BREAKING Instant Reaction James Harden traded to LA Clippers - Fantasy Basketball Breakdown.mp3,0:32:09,29.5,,BREAKING Instant Reaction James Harden traded to LA Clippers - Fantasy Basketball Breakdown,
"Week 2 - Daily and Weekly League Streaming Help, Injury Updates & Strategies",2023-10-30 22:27:46+00:00,Fantasy NBA Today/Week 2 - Daily and Weekly League Streaming Help Injury Updates  Strategies.mp3,0:54:30,49.97,,Week 2 - Daily and Weekly League Streaming Help Injury Updates  Strategies,
"Weekend 1 Review, Waiver Wire Adds & Drops and Monday Preview",2023-10-30 17:53:32+00:00,Fantasy NBA Today/Weekend 1 Review Waiver Wire Adds  Drops and Monday Preview.mp3,1:12:43,66.64,,Weekend 1 Review Waiver Wire Adds  Drops and Monday Preview,
"Week 1 Fantasy Basketball Recap - Adds, Drops, Buys, Sells",2023-10-27 18:05:30+00:00,Fantasy NBA Today/Week 1 Fantasy Basketball Recap - Adds Drops Buys Sells.mp3,1:06:04,60.55,,Week 1 Fantasy Basketball Recap - Adds Drops Buys Sells,
"Jalen Johnson Breaks Out, a Big Wednesday Fantasy Basketball Recap & TNT Thursday Lookahead",2023-10-26 17:20:53+00:00,Fantasy NBA Today/Jalen Johnson Breaks Out a Big Wednesday Fantasy Basketball Recap  TNT Thursday Lookahead.mp3,1:03:05,57.81,,Jalen Johnson Breaks Out a Big Wednesday Fantasy Basketball Recap  TNT Thursday Lookahead,
"Opening Night Fantasy Basketball Recap & Big Wednesday Lookahead - Jokic, Booker Dominate",2023-10-25 18:50:04+00:00,Fantasy NBA Today/Opening Night Fantasy Basketball Recap  Big Wednesday Lookahead - Jokic Booker Dominate.mp3,0:56:22,51.67,,Opening Night Fantasy Basketball Recap  Big Wednesday Lookahead - Jokic Booker Dominate,
Week 1 Preview - Fantasy Basketball Daily and Weekly Strategies,2023-10-24 22:31:23+00:00,Fantasy NBA Today/Week 1 Preview - Fantasy Basketball Daily and Weekly Strategies.mp3,0:43:58,40.32,,Week 1 Preview - Fantasy Basketball Daily and Weekly Strategies,
Real Cash Draft Results & Analysis,2023-10-24 17:23:29+00:00,Fantasy NBA Today/Real Cash Draft Results  Analysis.mp3,0:55:54,51.24,,Real Cash Draft Results  Analysis,
The 12 Best Players in Fantasy Basketball,2023-10-23 21:04:09+00:00,Fantasy NBA Today/The 12 Best Players in Fantasy Basketball.mp3,0:50:54,46.67,,The 12 Best Players in Fantasy Basketball,
Must Draft Players for Fantasy Basketball - The Old Man Squad,2023-10-20 17:29:36+00:00,Fantasy NBA Today/Must Draft Players for Fantasy Basketball - The Old Man Squad.mp3,1:02:59,57.73,,Must Draft Players for Fantasy Basketball - The Old Man Squad,
Mock Draft Review (Pick 1) & Must Draft Targets with Dan Titus,2023-10-19 22:33:49+00:00,Fantasy NBA Today/Mock Draft Review Pick 1  Must Draft Targets with Dan Titus.mp3,0:43:13,39.63,,Mock Draft Review Pick 1  Must Draft Targets with Dan Titus,
Building the Most Fun Team,2023-10-19 18:51:45+00:00,Fantasy NBA Today/Building the Most Fun Team.mp3,0:31:54,29.27,,Building the Most Fun Team,
Mock Draft Review (Pick 2) & Must Draft Targets with Josh Lloyd,2023-10-19 04:57:59+00:00,Fantasy NBA Today/Mock Draft Review Pick 2  Must Draft Targets with Josh Lloyd.mp3,0:54:54,50.33,,Mock Draft Review Pick 2  Must Draft Targets with Josh Lloyd,
How to Navigate a Fantasy Basketball Draft - The Definitive Strategy Guide with Aaron Bruski,2023-10-18 20:47:05+00:00,Fantasy NBA Today/How to Navigate a Fantasy Basketball Draft - The Definitive Strategy Guide with Aaron Bruski.mp3,0:50:53,46.65,,How to Navigate a Fantasy Basketball Draft - The Definitive Strategy Guide with Aaron Bruski,
Sleepers & Mock Draft Review with Alex Rikleen,2023-10-18 04:22:29+00:00,Fantasy NBA Today/Sleepers  Mock Draft Review with Alex Rikleen.mp3,0:44:09,40.48,,Sleepers  Mock Draft Review with Alex Rikleen,
